Name,Link,Location
og th,https://og.th/en,Bangkok
Green House Thailand,https://maps.app.goo.gl/nZXCLM2sL6zzNSb77,Bangkok
Izumo Green,https://maps.app.goo.gl/7zEM6KymcCR7T9v27,Bangkok
Bangkok Exotics Dispensary,https://maps.app.goo.gl/S5Lo3tyVgoHZdaZa8,Bangkok
ReLeaf Medical Dispensary,https://maps.app.goo.gl/pXNQmd84aEZVtmVA6,Bangkok
Siam Green Cannabis,https://maps.app.goo.gl/qa717LQWwNYFRuPE7,Bangkok
Grea8idea Dispensary,https://maps.app.goo.gl/13hzFQwyhbh4uD5B7,Bangkok
Sticky Budz Ekkamai,https://maps.app.goo.gl/3xUqj6FBh3K51KwQA,Bangkok
First Faith 420,https://maps.app.goo.gl/tPGEnMGMJq4SW3179,Bangkok
WeWeed,https://maps.app.goo.gl/n9S3EiN4L1HgbVxM8,Bangkok
The Weed Shop,https://maps.app.goo.gl/yupL2feLTZsjVy3H7,Bangkok
Cloud Nine,https://maps.app.goo.gl/GHA4L6XvHx1xMJfo7,Bangkok
B Good Dispensary,https://maps.app.goo.gl/CpEL6Vxkd8Urpj668,Bangkok
Green Ghost,https://maps.app.goo.gl/x2nGvUgswpHPPRyq7,Phuket
Sweed Dreams,https://maps.app.goo.gl/4R45zTshy7BtPL7XA,Phuket
Cosmic Temple Vibes,https://maps.app.goo.gl/ZUVD8AjKbVMofM9z8,Phuket
Growland,https://maps.app.goo.gl/K9EnuAR5DJw4T3hh6,Phuket
Green Lab,https://maps.app.goo.gl/Cg9hp2Tfg6BwUFQv7,Phuket
Phuket High,https://maps.app.goo.gl/Q3b8K4Z5hW83rxfNA,Phuket
Phuket Cannabis,https://maps.app.goo.gl/8dhzHc2KF2o9pxk18,Phuket
Green Lab Unicorn,https://maps.app.goo.gl/D7PBitdHFRbqp5ga8,Phuket
High Roller Club Thailand,https://maps.app.goo.gl/7AaXtNuthmSqzy1r7,Phuket
PUFFTOPIA,https://maps.app.goo.gl/VwDSLghGwj2NfPz46,Phuket
Good Kush Bar,https://maps.app.goo.gl/AFhVNHBjp8fk5qb19,Phuket
MR WEED,https://maps.app.goo.gl/WgPdE113gJAz7Dav7,Phuket
CANDYZ X TERMTEM,https://maps.app.goo.gl/LF3nureT5MTeRmHr8,Phuket