title,decription
Approved Medical Conditions,"To legally obtain a prescription in 2026, the medical professional must diagnose the patient with one of the recognized conditions. While practitioners have some clinical discretion, the core list includes:
• Insomnia and sleep disorders.
• Chronic Pain, joint stiffness, and muscle spasms.
• Migraines.
• Parkinson’s Disease and Alzheimer’s.
• Loss of appetite (Anorexia) and nausea from chemotherapy."
Consumption and Possession Rules,"Public consumption remains a severe violation of the 1992 Public Health Act.
• Private Use Only: Even with a prescription, cannabis must be consumed in private settings (such as a home).
• Possession Limits: Individual possession is generally limited to a 30-day supply (typically set at 30 grams per month).
• Sanctions: Smoking in public can lead to three months' imprisonment and fines up to 25,000 THB."
Business Compliance: The GACP Standard,"For businesses in 2026, the era of ""any farm will do"" has ended.
• GACP Certification: All cannabis flowers sold in dispensaries must originate from a cultivation site certified under Good Agriculture and Collection Practices (GACP).
• On-Site Professionals: Every licensed dispensary must have a certified medical professional on-site during all operating hours to verify prescriptions."
Prohibited Sales and Advertising,"To protect public safety, the following methods are strictly forbidden in 2026:
• No Online Sales: Selling cannabis via websites or electronic channels is prohibited.
• No Vending Machines: Sales through automated machines are banned.
• Advertising Ban: All forms of cannabis advertising, including social media promotions and storefront neon signs that target recreational users, are forbidden."