slug,name,logo,description,opensea,embellishments,ghost,headgear,joint,leaves,shades,vibe,vibes
1,Green Ghost Degen 1,/nft/1.png,Coming Soon!,0,Nugget Nook,Green Ghost Degen,Bass Buds,Satoshis Spliff,Green Dream,Blockchain Blinders,Weed Republic Flag,Munchies
2,Green Ghost Degen 2,/nft/2.png,Coming Soon!,0,Nugget Nook,Green Ghost Degen,Puff Hat,Blockchain Blaze,Green Dream,0,Moon Lamai Beach,Chillaxer
3,Green Ghost Degen 3,/nft/3.png,Coming Soon!,0,Smoke Swirl,Green Ghost Degen,0,0,Green Dream,Eth Eyes,Hybrid Serenity,Based
4,Green Ghost Degen 4,/nft/4.png,Coming Soon!,0,0,Green Ghost Degen,0,0,Canna Corona,0,Indica Island,Dank Daydream
5,Green Ghost Degen 5,/nft/5.png,Coming Soon!,0,Smoke Swirl,Green Ghost Degen,Ganja Gurus Turban,Satoshis Spliff,Indica Intuition,0,Patong Pixies,Gazing Galactic
6,Green Ghost Degen 6,/nft/6.png,Coming Soon!,0,Bong Bubble,Green Ghost Degen,0,0,Hybrid Harmony,Crypto Specs,Based Island,The Munchie Look
7,Green Ghost Degen 7,/nft/7.png,Coming Soon!,0,Smoke Swirl,Green Ghost Degen,Jamaican Bonnet,Weed Flag Beanie,Green Dream,0,Based Island,Munchies
8,Green Ghost Degen 8,/nft/8.png,Coming Soon!,0,0,Green Ghost Degen,0,0,Minty Mirage,0,Phuket Pharms,Chillaxer
9,Green Ghost Degen 9,/nft/9.png,Coming Soon!,0,Nugget Nook,Green Ghost Degen,Bakers Biretta,Blockchain Blaze,Minty Mirage,0,Phuket Pharms,Baked
10,Green Ghost Degen 10,/nft/10.png,Coming Soon!,0,Bong Bubble,Green Ghost Degen,0,Satoshis Spliff,Green Dream,0,Based Island,Based
11,Green Ghost Degen 11,/nft/11.png,Coming Soon!,0,Smoke Swirl,Green Ghost Degen,0,Weed Flag Beanie,Green Dream,0,Jungle Jive,Chillaxer
12,Green Ghost Degen 12,/nft/12.png,Coming Soon!,0,Bong Bubble,Green Ghost Degen,0,0,Minty Mirage,0,Hybrid Serenity,Red Eyed Reaper
13,Green Ghost Degen 13,/nft/13.png,Coming Soon!,0,Bong Bubble,Green Ghost Degen,Stoners Sombrero,Pump & Puff,Indica Intuition,Moonwalkers,Thailand Flag,Based
14,Green Ghost Degen 14,/nft/14.png,Coming Soon!,0,0,Green Ghost Degen,0,0,Green Dream,0,Hybrid Serenity,Chillaxer
15,Green Ghost Degen 15,/nft/15.png,Coming Soon!,0,Bong Bubble,Green Ghost Degen,0,0,Green Dream,0,Based Island,Red Eyed Reaper
16,Green Ghost Degen 16,/nft/16.png,Coming Soon!,0,Nugget Nook,Green Ghost Degen,Ganja Gurus Turban,Pump & Puff,Green Dream,0,Sativa Sunrise,Pineapple Express
17,Green Ghost Degen 17,/nft/17.png,Coming Soon!,0,Nugget Nook,Green Ghost Degen,Ganja Gurus Turban,Satoshis Spliff,Hybrid Harmony,0,Crypto Sunset,The Munchie Look
18,Green Ghost Degen 18,/nft/18.png,Coming Soon!,0,Bong Bubble,Green Ghost Degen,0,Satoshis Spliff,Indica Intuition,0,Sativa Sunrise,Based
19,Green Ghost Degen 19,/nft/19.png,Coming Soon!,0,Smoke Swirl,Green Ghost Degen,Buildmaster Helmet,Blockchain Blaze,Ganja Green,Crypto Specs,Weed Republic Flag,Based
20,Green Ghost Degen 20,/nft/20.png,Coming Soon!,0,Nugget Nook,Green Ghost Degen,Jamaican Bonnet,Weed Flag Beanie,Green Dream,0,Crypto Sunset,Stoned Stare
21,Green Ghost Degen 21,/nft/21.png,Coming Soon!,0,Bong Bubble,Green Ghost Degen,Degen Top Hat,Weed Flag Beanie,Indica Intuition,Stoner Specs,Sativa Sunrise,Munchies
22,Green Ghost Degen 22,/nft/22.png,Coming Soon!,0,Bong Bubble,Green Ghost Degen,Buildmaster Helmet,Blockchain Blaze,Sativa Serenade,0,Sativa Sunrise,Baked
23,Green Ghost Degen 23,/nft/23.png,Coming Soon!,0,Nugget Nook,Green Ghost Degen,0,Blockchain Blaze,Green Dream,0,Patong Pixies,Dank Daydream
24,Green Ghost Degen 24,/nft/24.png,Coming Soon!,0,Bong Bubble,Green Ghost Degen,Stoners Sombrero,Blockchain Blaze,Green Dream,0,Patong Pixies,Gazing Galactic
25,Green Ghost Degen 25,/nft/25.png,Coming Soon!,0,Nugget Nook,Green Ghost Degen,High Hat,Pump & Puff,Green Dream,Stoner Specs,Thai High Sky,Based
26,Green Ghost Degen 26,/nft/26.png,Coming Soon!,0,Nugget Nook,Green Ghost Degen,Bakers Biretta,Blockchain Blaze,Green Dream,0,Hybrid Serenity,Dank Daydream
27,Green Ghost Degen 27,/nft/27.png,Coming Soon!,0,0,Green Ghost Degen,0,0,Sativa Serenade,0,Crypto Sunset,Dank Daydream
28,Green Ghost Degen 28,/nft/28.png,Coming Soon!,0,Nugget Nook,Green Ghost Degen,0,0,Canna Corona,0,Rasta Road,Gazing Galactic
29,Green Ghost Degen 29,/nft/29.png,Coming Soon!,0,Bong Bubble,Green Ghost Degen,0,0,Green Dream,Crypto Specs,Rasta Road,Pineapple Express
30,Green Ghost Degen 30,/nft/30.png,Coming Soon!,0,0,Green Ghost Degen,0,0,Hybrid Harmony,0,Hybrid Serenity,Baked
31,Green Ghost Degen 31,/nft/31.png,Coming Soon!,0,Bong Bubble,Green Ghost Degen,0,Pump & Puff,Green Dream,0,Crypto Sunset,Toke Trance
32,Green Ghost Degen 32,/nft/32.png,Coming Soon!,0,Nugget Nook,Green Ghost Degen,0,0,Ganja Green,0,Hybrid Serenity,Blazed Bliss
33,Green Ghost Degen 33,/nft/33.png,Coming Soon!,0,Nugget Nook,Green Ghost Degen,0,Blockchain Blaze,Sativa Serenade,0,Phuket Pharms,Blazed Bliss
34,Green Ghost Degen 34,/nft/34.png,Coming Soon!,0,Smoke Swirl,Green Ghost Degen,High Hat,HODL Haze,Green Dream,Crypto Specs,Hybrid Serenity,Pineapple Express
35,Green Ghost Degen 35,/nft/35.png,Coming Soon!,0,Nugget Nook,Green Ghost Degen,0,0,Green Dream,Stoner Specs,Indica Island,Dank Daydream
36,Green Ghost Degen 36,/nft/36.png,Coming Soon!,0,0,Green Ghost Degen,0,0,Indica Intuition,0,Weed Republic Flag,Based
37,Green Ghost Degen 37,/nft/37.png,Coming Soon!,0,Bong Bubble,Green Ghost Degen,0,0,Green Dream,0,Thai High Sky,The Munchie Look
38,Green Ghost Degen 38,/nft/38.png,Coming Soon!,0,Bong Bubble,Green Ghost Degen,0,0,Indica Intuition,0,Thailand Flag,Toke Trance
39,Green Ghost Degen 39,/nft/39.png,Coming Soon!,0,Bong Bubble,Green Ghost Degen,0,0,Indica Intuition,Sativa Sunglasses,Phuket Pharms,Munchies
40,Green Ghost Degen 40,/nft/40.png,Coming Soon!,0,Bong Bubble,Green Ghost Degen,Puff Hat,Satoshis Spliff,Sativa Serenade,0,Patong Pixies,High Times
41,Green Ghost Degen 41,/nft/41.png,Coming Soon!,0,Bong Bubble,Green Ghost Degen,0,0,Green Dream,0,Sativa Sunrise,Red Eyed Reaper
42,Green Ghost Degen 42,/nft/42.png,Coming Soon!,0,Nugget Nook,Green Ghost Degen,0,0,Hybrid Harmony,Degen Dazzlers,Sativa Sunrise,Pineapple Express
43,Green Ghost Degen 43,/nft/43.png,Coming Soon!,0,Bong Bubble,Green Ghost Degen,0,0,Minty Mirage,0,Sativa Sunrise,Red Eyed Reaper
44,Green Ghost Degen 44,/nft/44.png,Coming Soon!,0,Bong Bubble,Green Ghost Degen,Jamaican Bonnet,HODL Haze,Green Dream,0,Indica Island,Toke Trance
45,Green Ghost Degen 45,/nft/45.png,Coming Soon!,0,0,Green Ghost Degen,0,0,Green Dream,0,Patong Pixies,Baked
46,Green Ghost Degen 46,/nft/46.png,Coming Soon!,0,Nugget Nook,Green Ghost Degen,Ganja Gurus Turban,HODL Haze,Canna Corona,Moonwalkers,Thai High Sky,Toke Trance
47,Green Ghost Degen 47,/nft/47.png,Coming Soon!,0,Bong Bubble,Green Ghost Degen,Bearish Bonnet,Pump & Puff,Green Dream,Stoner Specs,Patong Pixies,Toke Trance
48,Green Ghost Degen 48,/nft/48.png,Coming Soon!,0,Bong Bubble,Green Ghost Degen,0,0,Sativa Serenade,Weed Wrap Arounds,Thailand Flag,The Munchie Look
49,Green Ghost Degen 49,/nft/49.png,Coming Soon!,0,Bong Bubble,Green Ghost Degen,Rasta Locks,Pump & Puff,Canna Corona,0,Indica Island,Dank Daydream
50,Green Ghost Degen 50,/nft/50.png,Coming Soon!,0,Nugget Nook,Green Ghost Degen,0,0,Green Dream,0,Weed Republic Flag,The Munchie Look
51,Green Ghost Degen 51,/nft/51.png,Coming Soon!,0,0,Green Ghost Degen,0,0,Indica Intuition,0,Rasta Road,The Munchie Look
52,Green Ghost Degen 52,/nft/52.png,Coming Soon!,0,Nugget Nook,Green Ghost Degen,0,Blockchain Blaze,Minty Mirage,0,Based Island,Munchies
53,Green Ghost Degen 53,/nft/53.png,Coming Soon!,0,0,Green Ghost Degen,0,0,Indica Intuition,0,Sativa Sunrise,Based
54,Green Ghost Degen 54,/nft/54.png,Coming Soon!,0,Leaflet,Green Ghost Degen,Buildmaster Helmet,Blockchain Blaze,Minty Mirage,Blockchain Blinders,Hybrid Serenity,Stoned Stare
55,Green Ghost Degen 55,/nft/55.png,Coming Soon!,0,Smoke Swirl,Green Ghost Degen,Crypto Scholars Cap,Satoshis Spliff,Green Dream,0,Based Island,Blazed Bliss
56,Green Ghost Degen 56,/nft/56.png,Coming Soon!,0,Nugget Nook,Green Ghost Degen,0,0,Green Dream,0,Phuket Pharms,Pineapple Express
57,Green Ghost Degen 57,/nft/57.png,Coming Soon!,0,Bong Bubble,Green Ghost Degen,Rasta Locks,Satoshis Spliff,Green Dream,0,Sativa Sunrise,Baked
58,Green Ghost Degen 58,/nft/58.png,Coming Soon!,0,0,Green Ghost Degen,0,0,Green Dream,0,Sativa Sunrise,Munchies
59,Green Ghost Degen 59,/nft/59.png,Coming Soon!,0,Nugget Nook,Green Ghost Degen,0,0,Ganja Green,0,Sativa Sunrise,Blazed Bliss
60,Green Ghost Degen 60,/nft/60.png,Coming Soon!,0,Nugget Nook,Green Ghost Degen,0,Satoshis Spliff,Ganja Green,0,Thailand Flag,Red Eyed Reaper
61,Green Ghost Degen 61,/nft/61.png,Coming Soon!,0,Nugget Nook,Green Ghost Degen,0,0,Canna Corona,Sativa Sunglasses,Patong Pixies,Dank Daydream
62,Green Ghost Degen 62,/nft/62.png,Coming Soon!,0,Bong Bubble,Green Ghost Degen,Buildmaster Helmet,Satoshis Spliff,Green Dream,Munchies Mirrors,Patong Pixies,Gazing Galactic
63,Green Ghost Degen 63,/nft/63.png,Coming Soon!,0,Bong Bubble,Green Ghost Degen,0,HODL Haze,Sativa Serenade,0,Indica Island,Blazed Bliss
64,Green Ghost Degen 64,/nft/64.png,Coming Soon!,0,0,Green Ghost Degen,0,0,Canna Corona,0,Phuket Pharms,Pineapple Express
65,Green Ghost Degen 65,/nft/65.png,Coming Soon!,0,Bong Bubble,Green Ghost Degen,0,0,Hybrid Harmony,Eth Eyes,Patong Pixies,Based
66,Green Ghost Degen 66,/nft/66.png,Coming Soon!,0,Nugget Nook,Green Ghost Degen,Degen Top Hat,Blockchain Blaze,Green Dream,0,Phuket Pharms,Stoned Stare
67,Green Ghost Degen 67,/nft/67.png,Coming Soon!,0,Bong Bubble,Green Ghost Degen,Jamaican Bonnet,Satoshis Spliff,Hybrid Harmony,Crypto Specs,Thai High Sky,Red Eyed Reaper
68,Green Ghost Degen 68,/nft/68.png,Coming Soon!,0,Smoke Swirl,Green Ghost Degen,Buildmaster Helmet,HODL Haze,Indica Intuition,0,Weed Republic Flag,The Munchie Look
69,Green Ghost Degen 69,/nft/69.png,Coming Soon!,0,Bong Bubble,Green Ghost Degen,Ganja Gurus Turban,Pump & Puff,Hybrid Harmony,Sativa Sunglasses,Hybrid Serenity,Toke Trance
70,Green Ghost Degen 70,/nft/70.png,Coming Soon!,0,0,Green Ghost Degen,0,0,Sativa Serenade,0,Indica Island,Stoned Stare
71,Green Ghost Degen 71,/nft/71.png,Coming Soon!,0,Nugget Nook,Green Ghost Degen,0,0,Minty Mirage,0,Based Island,Chillaxer
72,Green Ghost Degen 72,/nft/72.png,Coming Soon!,0,Nugget Nook,Green Ghost Degen,0,0,Green Dream,Eth Eyes,Indica Island,Blazed Bliss
73,Green Ghost Degen 73,/nft/73.png,Coming Soon!,0,0,Green Ghost Degen,0,0,Hybrid Harmony,0,Crypto Sunset,Pineapple Express
74,Green Ghost Degen 74,/nft/74.png,Coming Soon!,0,Bong Bubble,Green Ghost Degen,Rasta Locks,Pump & Puff,Green Dream,0,Indica Island,The Munchie Look
75,Green Ghost Degen 75,/nft/75.png,Coming Soon!,0,Smoke Swirl,Green Ghost Degen,0,HODL Haze,Sativa Serenade,0,Jungle Jive,Munchies
76,Green Ghost Degen 76,/nft/76.png,Coming Soon!,0,Bong Bubble,Green Ghost Degen,Dank Crown,HODL Haze,Canna Corona,0,Jungle Jive,Red Eyed Reaper
77,Green Ghost Degen 77,/nft/77.png,Coming Soon!,0,Bong Bubble,Green Ghost Degen,Bass Buds,Satoshis Spliff,Green Dream,0,Moon Lamai Beach,Stoned Stare
78,Green Ghost Degen 78,/nft/78.png,Coming Soon!,0,Bong Bubble,Green Ghost Degen,0,0,Green Dream,Dollar Signs,Sativa Sunrise,Pineapple Express
79,Green Ghost Degen 79,/nft/79.png,Coming Soon!,0,0,Green Ghost Degen,0,0,Hybrid Harmony,0,Sativa Sunrise,Gazing Galactic
80,Green Ghost Degen 80,/nft/80.png,Coming Soon!,0,Bong Bubble,Green Ghost Degen,Ganja Gurus Turban,Satoshis Spliff,Indica Intuition,0,Rasta Road,Baked
81,Green Ghost Degen 81,/nft/81.png,Coming Soon!,0,0,Green Ghost Degen,0,0,Hybrid Harmony,0,Moon Lamai Beach,Red Eyed Reaper
82,Green Ghost Degen 82,/nft/82.png,Coming Soon!,0,Leaflet,Green Ghost Degen,0,0,Sativa Serenade,Weed Wrap Arounds,Moon Lamai Beach,Blazed Bliss
83,Green Ghost Degen 83,/nft/83.png,Coming Soon!,0,Nugget Nook,Green Ghost Degen,Bakers Biretta,Pump & Puff,Ganja Green,Puff Panes,Indica Island,Red Eyed Reaper
84,Green Ghost Degen 84,/nft/84.png,Coming Soon!,0,Bong Bubble,Green Ghost Degen,Bass Buds,HODL Haze,Sativa Serenade,Munchies Mirrors,Phuket Pharms,Gazing Galactic
85,Green Ghost Degen 85,/nft/85.png,Coming Soon!,0,Nugget Nook,Green Ghost Degen,Ganja Gurus Turban,Blockchain Blaze,Ganja Green,Sativa Sunglasses,Jungle Jive,Based
86,Green Ghost Degen 86,/nft/86.png,Coming Soon!,0,Bong Bubble,Green Ghost Degen,Bearish Bonnet,Satoshis Spliff,Indica Intuition,Stoner Specs,Moon Lamai Beach,Munchies
87,Green Ghost Degen 87,/nft/87.png,Coming Soon!,0,Smoke Swirl,Green Ghost Degen,0,0,Ganja Green,Dollar Signs,Sativa Sunrise,Blazed Bliss
88,Green Ghost Degen 88,/nft/88.png,Coming Soon!,0,Nugget Nook,Green Ghost Degen,Buildmaster Helmet,HODL Haze,Green Dream,Weed Wrap Arounds,Indica Island,Pineapple Express
89,Green Ghost Degen 89,/nft/89.png,Coming Soon!,0,Nugget Nook,Green Ghost Degen,Degen Top Hat,Pump & Puff,Canna Corona,0,Jungle Jive,Baked
90,Green Ghost Degen 90,/nft/90.png,Coming Soon!,0,Nugget Nook,Green Ghost Degen,0,0,Sativa Serenade,Sativa Sunglasses,Crypto Sunset,Baked
91,Green Ghost Degen 91,/nft/91.png,Coming Soon!,0,Bong Bubble,Green Ghost Degen,Stoners Sombrero,Pump & Puff,Hybrid Harmony,0,Moon Lamai Beach,Stoned Stare
92,Green Ghost Degen 92,/nft/92.png,Coming Soon!,0,Bong Bubble,Green Ghost Degen,Degen Top Hat,HODL Haze,Canna Corona,0,Thai High Sky,Baked
93,Green Ghost Degen 93,/nft/93.png,Coming Soon!,0,Nugget Nook,Green Ghost Degen,Ganja Gurus Turban,Blockchain Blaze,Green Dream,NFT Noggles,Sativa Sunrise,The Munchie Look
94,Green Ghost Degen 94,/nft/94.png,Coming Soon!,0,Bong Bubble,Green Ghost Degen,Dank Crown,HODL Haze,Green Dream,0,Patong Pixies,Baked
95,Green Ghost Degen 95,/nft/95.png,Coming Soon!,0,0,Green Ghost Degen,0,0,Hybrid Harmony,0,Based Island,High Times
96,Green Ghost Degen 96,/nft/96.png,Coming Soon!,0,Bong Bubble,Green Ghost Degen,0,0,Indica Intuition,0,Indica Island,High Times
97,Green Ghost Degen 97,/nft/97.png,Coming Soon!,0,Nugget Nook,Green Ghost Degen,Jamaican Bonnet,HODL Haze,Canna Corona,0,Based Island,Gazing Galactic
98,Green Ghost Degen 98,/nft/98.png,Coming Soon!,0,Bong Bubble,Green Ghost Degen,Jamaican Bonnet,Pump & Puff,Sativa Serenade,Puff Panes,Moon Lamai Beach,High Times
99,Green Ghost Degen 99,/nft/99.png,Coming Soon!,0,0,Green Ghost Degen,0,0,Green Dream,0,Rasta Road,Red Eyed Reaper
100,Green Ghost Degen 100,/nft/100.png,Coming Soon!,0,Leaflet,Green Ghost Degen,0,HODL Haze,Green Dream,0,Hybrid Serenity,Pineapple Express
101,Green Ghost Degen 101,/nft/101.png,Coming Soon!,0,Leaflet,Green Ghost Degen,Jamaican Bonnet,Blockchain Blaze,Green Dream,Eth Eyes,Hybrid Serenity,Dank Daydream
102,Green Ghost Degen 102,/nft/102.png,Coming Soon!,0,Bong Bubble,Green Ghost Degen,0,Pump & Puff,Minty Mirage,0,Moon Lamai Beach,Red Eyed Reaper
103,Green Ghost Degen 103,/nft/103.png,Coming Soon!,0,Nugget Nook,Green Ghost Degen,0,Pump & Puff,Hybrid Harmony,0,Thailand Flag,Munchies
104,Green Ghost Degen 104,/nft/104.png,Coming Soon!,0,Bong Bubble,Green Ghost Degen,Buildmaster Helmet,Weed Flag Beanie,Ganja Green,0,Based Island,Munchies
105,Green Ghost Degen 105,/nft/105.png,Coming Soon!,0,0,Green Ghost Degen,0,0,Sativa Serenade,0,Thailand Flag,Red Eyed Reaper
106,Green Ghost Degen 106,/nft/106.png,Coming Soon!,0,Nugget Nook,Green Ghost Degen,High Hat,Pump & Puff,Hybrid Harmony,0,Jungle Jive,Munchies
107,Green Ghost Degen 107,/nft/107.png,Coming Soon!,0,Leaflet,Green Ghost Degen,Jamaican Bonnet,Satoshis Spliff,Sativa Serenade,0,Patong Pixies,High Times
108,Green Ghost Degen 108,/nft/108.png,Coming Soon!,0,Nugget Nook,Green Ghost Degen,Crypto Scholars Cap,HODL Haze,Minty Mirage,0,Indica Island,Dank Daydream
109,Green Ghost Degen 109,/nft/109.png,Coming Soon!,0,Nugget Nook,Green Ghost Degen,0,Pump & Puff,Green Dream,0,Phuket Pharms,The Munchie Look
110,Green Ghost Degen 110,/nft/110.png,Coming Soon!,0,Nugget Nook,Green Ghost Degen,Jamaican Bonnet,Blockchain Blaze,Sativa Serenade,Weed Wrap Arounds,Hybrid Serenity,High Times
111,Green Ghost Degen 111,/nft/111.png,Coming Soon!,0,Bong Bubble,Green Ghost Degen,0,0,Indica Intuition,0,Jungle Jive,Based
112,Green Ghost Degen 112,/nft/112.png,Coming Soon!,0,Bong Bubble,Green Ghost Degen,Buildmaster Helmet,Blockchain Blaze,Sativa Serenade,Munchies Mirrors,Phuket Pharms,Based
113,Green Ghost Degen 113,/nft/113.png,Coming Soon!,0,Nugget Nook,Green Ghost Degen,0,Pump & Puff,Green Dream,0,Sativa Sunrise,Blazed Bliss
114,Green Ghost Degen 114,/nft/114.png,Coming Soon!,0,Bong Bubble,Green Ghost Degen,Puff Hat,Blockchain Blaze,Green Dream,0,Hybrid Serenity,Red Eyed Reaper
115,Green Ghost Degen 115,/nft/115.png,Coming Soon!,0,Leaflet,Green Ghost Degen,Crypto Scholars Cap,Blockchain Blaze,Indica Intuition,Blockchain Blinders,Patong Pixies,Dank Daydream
116,Green Ghost Degen 116,/nft/116.png,Coming Soon!,0,0,Green Ghost Degen,0,0,Sativa Serenade,0,Based Island,Baked
117,Green Ghost Degen 117,/nft/117.png,Coming Soon!,0,Nugget Nook,Green Ghost Degen,0,Satoshis Spliff,Sativa Serenade,0,Patong Pixies,Red Eyed Reaper
118,Green Ghost Degen 118,/nft/118.png,Coming Soon!,0,Bong Bubble,Green Ghost Degen,0,Satoshis Spliff,Canna Corona,0,Indica Island,Munchies
119,Green Ghost Degen 119,/nft/119.png,Coming Soon!,0,0,Green Ghost Degen,0,0,Sativa Serenade,0,Based Island,Red Eyed Reaper
120,Green Ghost Degen 120,/nft/120.png,Coming Soon!,0,Bong Bubble,Green Ghost Degen,0,0,Ganja Green,NFT Noggles,Sativa Sunrise,Gazing Galactic
121,Green Ghost Degen 121,/nft/121.png,Coming Soon!,0,Nugget Nook,Green Ghost Degen,0,0,Sativa Serenade,Stoner Specs,Based Island,Toke Trance
122,Green Ghost Degen 122,/nft/122.png,Coming Soon!,0,Leaflet,Green Ghost Degen,0,0,Canna Corona,0,Hybrid Serenity,Pineapple Express
123,Green Ghost Degen 123,/nft/123.png,Coming Soon!,0,Bong Bubble,Green Ghost Degen,Crypto Scholars Cap,Blockchain Blaze,Indica Intuition,0,Based Island,Blazed Bliss
124,Green Ghost Degen 124,/nft/124.png,Coming Soon!,0,Nugget Nook,Green Ghost Degen,Crypto Scholars Cap,Pump & Puff,Minty Mirage,Weed Wrap Arounds,Crypto Sunset,Stoned Stare
125,Green Ghost Degen 125,/nft/125.png,Coming Soon!,0,Smoke Swirl,Green Ghost Degen,Bearish Bonnet,HODL Haze,Hybrid Harmony,0,Thai High Sky,Red Eyed Reaper
126,Green Ghost Degen 126,/nft/126.png,Coming Soon!,0,0,Green Ghost Degen,0,0,Hybrid Harmony,0,Based Island,Gazing Galactic
127,Green Ghost Degen 127,/nft/127.png,Coming Soon!,0,Smoke Swirl,Green Ghost Degen,Dank Crown,Blockchain Blaze,Sativa Serenade,0,Moon Lamai Beach,Stoned Stare
128,Green Ghost Degen 128,/nft/128.png,Coming Soon!,0,Nugget Nook,Green Ghost Degen,0,0,Minty Mirage,0,Indica Island,Pineapple Express
129,Green Ghost Degen 129,/nft/129.png,Coming Soon!,0,Bong Bubble,Green Ghost Degen,0,Blockchain Blaze,Ganja Green,0,Indica Island,Stoned Stare
130,Green Ghost Degen 130,/nft/130.png,Coming Soon!,0,Nugget Nook,Green Ghost Degen,Degen Top Hat,Pump & Puff,Green Dream,0,Indica Island,The Munchie Look
131,Green Ghost Degen 131,/nft/131.png,Coming Soon!,0,Bong Bubble,Green Ghost Degen,Puff Hat,Blockchain Blaze,Indica Intuition,0,Thai High Sky,Chillaxer
132,Green Ghost Degen 132,/nft/132.png,Coming Soon!,0,Smoke Swirl,Green Ghost Degen,0,0,Canna Corona,0,Crypto Sunset,Pineapple Express
133,Green Ghost Degen 133,/nft/133.png,Coming Soon!,0,Smoke Swirl,Green Ghost Degen,0,0,Green Dream,Bong Shades,Based Island,High Times
134,Green Ghost Degen 134,/nft/134.png,Coming Soon!,0,Bong Bubble,Green Ghost Degen,0,0,Green Dream,Puff Panes,Based Island,Dank Daydream
135,Green Ghost Degen 135,/nft/135.png,Coming Soon!,0,Nugget Nook,Green Ghost Degen,Puff Hat,Blockchain Blaze,Green Dream,0,Moon Lamai Beach,Stoned Stare
136,Green Ghost Degen 136,/nft/136.png,Coming Soon!,0,0,Green Ghost Degen,0,0,Canna Corona,0,Thailand Flag,Baked
137,Green Ghost Degen 137,/nft/137.png,Coming Soon!,0,Bong Bubble,Green Ghost Degen,0,Pump & Puff,Minty Mirage,0,Jungle Jive,Blazed Bliss
138,Green Ghost Degen 138,/nft/138.png,Coming Soon!,0,Smoke Swirl,Green Ghost Degen,0,0,Green Dream,0,Indica Island,Blazed Bliss
139,Green Ghost Degen 139,/nft/139.png,Coming Soon!,0,Smoke Swirl,Green Ghost Degen,0,0,Green Dream,Sativa Sunglasses,Thai High Sky,Blazed Bliss
140,Green Ghost Degen 140,/nft/140.png,Coming Soon!,0,Nugget Nook,Green Ghost Degen,Stoners Sombrero,Pump & Puff,Green Dream,NFT Noggles,Jungle Jive,Pineapple Express
141,Green Ghost Degen 141,/nft/141.png,Coming Soon!,0,Leaflet,Green Ghost Degen,0,0,Green Dream,Dollar Signs,Sativa Sunrise,Munchies
142,Green Ghost Degen 142,/nft/142.png,Coming Soon!,0,Bong Bubble,Green Ghost Degen,Bearish Bonnet,Blockchain Blaze,Hybrid Harmony,NFT Noggles,Phuket Pharms,The Munchie Look
143,Green Ghost Degen 143,/nft/143.png,Coming Soon!,0,Nugget Nook,Green Ghost Degen,Buildmaster Helmet,Blockchain Blaze,Ganja Green,0,Thai High Sky,High Times
144,Green Ghost Degen 144,/nft/144.png,Coming Soon!,0,Bong Bubble,Green Ghost Degen,0,0,Green Dream,Sativa Sunglasses,Indica Island,Blazed Bliss
145,Green Ghost Degen 145,/nft/145.png,Coming Soon!,0,Smoke Swirl,Green Ghost Degen,0,0,Ganja Green,0,Indica Island,Toke Trance
146,Green Ghost Degen 146,/nft/146.png,Coming Soon!,0,Nugget Nook,Green Ghost Degen,Degen Top Hat,Blockchain Blaze,Ganja Green,Puff Panes,Hybrid Serenity,Blazed Bliss
147,Green Ghost Degen 147,/nft/147.png,Coming Soon!,0,Bong Bubble,Green Ghost Degen,Crypto Scholars Cap,HODL Haze,Ganja Green,Crypto Specs,Patong Pixies,Red Eyed Reaper
148,Green Ghost Degen 148,/nft/148.png,Coming Soon!,0,Bong Bubble,Green Ghost Degen,Stoners Sombrero,HODL Haze,Indica Intuition,Eth Eyes,Crypto Sunset,Pineapple Express
149,Green Ghost Degen 149,/nft/149.png,Coming Soon!,0,Bong Bubble,Green Ghost Degen,Crypto Scholars Cap,Satoshis Spliff,Canna Corona,Bong Shades,Patong Pixies,Pineapple Express
150,Green Ghost Degen 150,/nft/150.png,Coming Soon!,0,Smoke Swirl,Green Ghost Degen,0,Pump & Puff,Green Dream,0,Thai High Sky,Chillaxer
151,Green Ghost Degen 151,/nft/151.png,Coming Soon!,0,Nugget Nook,Green Ghost Degen,0,Blockchain Blaze,Green Dream,0,Indica Island,High Times
152,Green Ghost Degen 152,/nft/152.png,Coming Soon!,0,Bong Bubble,Green Ghost Degen,0,0,Sativa Serenade,0,Weed Republic Flag,Chillaxer
153,Green Ghost Degen 153,/nft/153.png,Coming Soon!,0,Bong Bubble,Green Ghost Degen,0,Blockchain Blaze,Indica Intuition,0,Sativa Sunrise,High Times
154,Green Ghost Degen 154,/nft/154.png,Coming Soon!,0,0,Green Ghost Degen,0,0,Indica Intuition,0,Moon Lamai Beach,Blazed Bliss
155,Green Ghost Degen 155,/nft/155.png,Coming Soon!,0,Bong Bubble,Green Ghost Degen,0,0,Canna Corona,0,Indica Island,Chillaxer
156,Green Ghost Degen 156,/nft/156.png,Coming Soon!,0,Smoke Swirl,Green Ghost Degen,Buildmaster Helmet,Blockchain Blaze,Hybrid Harmony,0,Patong Pixies,Based
157,Green Ghost Degen 157,/nft/157.png,Coming Soon!,0,Bong Bubble,Green Ghost Degen,0,0,Hybrid Harmony,NFT Noggles,Indica Island,Baked
158,Green Ghost Degen 158,/nft/158.png,Coming Soon!,0,Smoke Swirl,Green Ghost Degen,0,Blockchain Blaze,Hybrid Harmony,0,Patong Pixies,Munchies
159,Green Ghost Degen 159,/nft/159.png,Coming Soon!,0,Bong Bubble,Green Ghost Degen,Ganja Gurus Turban,Pump & Puff,Hybrid Harmony,0,Crypto Sunset,Chillaxer
160,Green Ghost Degen 160,/nft/160.png,Coming Soon!,0,Bong Bubble,Green Ghost Degen,0,0,Ganja Green,Blockchain Blinders,Based Island,Pineapple Express
161,Green Ghost Degen 161,/nft/161.png,Coming Soon!,0,Nugget Nook,Green Ghost Degen,0,0,Green Dream,0,Patong Pixies,Toke Trance
162,Green Ghost Degen 162,/nft/162.png,Coming Soon!,0,Bong Bubble,Green Ghost Degen,Ganja Gurus Turban,HODL Haze,Sativa Serenade,Bong Shades,Weed Republic Flag,Munchies
163,Green Ghost Degen 163,/nft/163.png,Coming Soon!,0,Nugget Nook,Green Ghost Degen,Bakers Biretta,Satoshis Spliff,Canna Corona,0,Hybrid Serenity,High Times
164,Green Ghost Degen 164,/nft/164.png,Coming Soon!,0,Nugget Nook,Green Ghost Degen,0,0,Ganja Green,0,Hybrid Serenity,Based
165,Green Ghost Degen 165,/nft/165.png,Coming Soon!,0,Nugget Nook,Green Ghost Degen,0,0,Canna Corona,0,Patong Pixies,The Munchie Look
166,Green Ghost Degen 166,/nft/166.png,Coming Soon!,0,Nugget Nook,Green Ghost Degen,0,0,Ganja Green,0,Indica Island,Blazed Bliss
167,Green Ghost Degen 167,/nft/167.png,Coming Soon!,0,0,Green Ghost Degen,0,0,Sativa Serenade,0,Hybrid Serenity,High Times
168,Green Ghost Degen 168,/nft/168.png,Coming Soon!,0,Nugget Nook,Green Ghost Degen,Buildmaster Helmet,Blockchain Blaze,Ganja Green,0,Moon Lamai Beach,Based
169,Green Ghost Degen 169,/nft/169.png,Coming Soon!,0,Bong Bubble,Green Ghost Degen,Bearish Bonnet,HODL Haze,Green Dream,0,Thailand Flag,Red Eyed Reaper
170,Green Ghost Degen 170,/nft/170.png,Coming Soon!,0,0,Green Ghost Degen,0,0,Indica Intuition,0,Hybrid Serenity,Gazing Galactic
171,Green Ghost Degen 171,/nft/171.png,Coming Soon!,0,0,Green Ghost Degen,0,0,Sativa Serenade,0,Patong Pixies,Dank Daydream
172,Green Ghost Degen 172,/nft/172.png,Coming Soon!,0,Nugget Nook,Green Ghost Degen,Rasta Locks,HODL Haze,Green Dream,Stoner Specs,Hybrid Serenity,Based
173,Green Ghost Degen 173,/nft/173.png,Coming Soon!,0,Leaflet,Green Ghost Degen,0,0,Green Dream,Degen Dazzlers,Sativa Sunrise,Based
174,Green Ghost Degen 174,/nft/174.png,Coming Soon!,0,Nugget Nook,Green Ghost Degen,Puff Hat,Satoshis Spliff,Hybrid Harmony,Munchies Mirrors,Indica Island,Munchies
175,Green Ghost Degen 175,/nft/175.png,Coming Soon!,0,Bong Bubble,Green Ghost Degen,Degen Top Hat,Blockchain Blaze,Green Dream,0,Weed Republic Flag,Chillaxer
176,Green Ghost Degen 176,/nft/176.png,Coming Soon!,0,Nugget Nook,Green Ghost Degen,Rasta Locks,Blockchain Blaze,Green Dream,0,Crypto Sunset,Pineapple Express
177,Green Ghost Degen 177,/nft/177.png,Coming Soon!,0,Bong Bubble,Green Ghost Degen,0,0,Green Dream,Moonwalkers,Thai High Sky,The Munchie Look
178,Green Ghost Degen 178,/nft/178.png,Coming Soon!,0,Smoke Swirl,Green Ghost Degen,High Hat,Pump & Puff,Green Dream,0,Based Island,Based
179,Green Ghost Degen 179,/nft/179.png,Coming Soon!,0,Bong Bubble,Green Ghost Degen,0,0,Minty Mirage,Sativa Sunglasses,Indica Island,Baked
180,Green Ghost Degen 180,/nft/180.png,Coming Soon!,0,Bong Bubble,Green Ghost Degen,Jamaican Bonnet,Pump & Puff,Green Dream,0,Based Island,Based
181,Green Ghost Degen 181,/nft/181.png,Coming Soon!,0,Bong Bubble,Green Ghost Degen,0,0,Green Dream,0,Moon Lamai Beach,Pineapple Express
182,Green Ghost Degen 182,/nft/182.png,Coming Soon!,0,Leaflet,Green Ghost Degen,0,0,Green Dream,Munchies Mirrors,Thai High Sky,Dank Daydream
183,Green Ghost Degen 183,/nft/183.png,Coming Soon!,0,Smoke Swirl,Green Ghost Degen,0,0,Canna Corona,0,Jungle Jive,Stoned Stare
184,Green Ghost Degen 184,/nft/184.png,Coming Soon!,0,Nugget Nook,Green Ghost Degen,Puff Hat,Blockchain Blaze,Green Dream,0,Sativa Sunrise,Pineapple Express
185,Green Ghost Degen 185,/nft/185.png,Coming Soon!,0,Nugget Nook,Green Ghost Degen,0,0,Ganja Green,0,Moon Lamai Beach,Munchies
186,Green Ghost Degen 186,/nft/186.png,Coming Soon!,0,Nugget Nook,Green Ghost Degen,Crypto Scholars Cap,Satoshis Spliff,Hybrid Harmony,0,Jungle Jive,Toke Trance
187,Green Ghost Degen 187,/nft/187.png,Coming Soon!,0,Bong Bubble,Green Ghost Degen,0,Satoshis Spliff,Indica Intuition,0,Based Island,Baked
188,Green Ghost Degen 188,/nft/188.png,Coming Soon!,0,Smoke Swirl,Green Ghost Degen,0,Satoshis Spliff,Ganja Green,0,Phuket Pharms,Stoned Stare
189,Green Ghost Degen 189,/nft/189.png,Coming Soon!,0,Bong Bubble,Green Ghost Degen,Degen Top Hat,Pump & Puff,Green Dream,Puff Panes,Weed Republic Flag,High Times
190,Green Ghost Degen 190,/nft/190.png,Coming Soon!,0,0,Green Ghost Degen,0,0,Sativa Serenade,0,Rasta Road,Dank Daydream
191,Green Ghost Degen 191,/nft/191.png,Coming Soon!,0,Nugget Nook,Green Ghost Degen,0,HODL Haze,Canna Corona,0,Thai High Sky,Dank Daydream
192,Green Ghost Degen 192,/nft/192.png,Coming Soon!,0,0,Green Ghost Degen,0,0,Indica Intuition,0,Jungle Jive,Baked
193,Green Ghost Degen 193,/nft/193.png,Coming Soon!,0,0,Green Ghost Degen,0,0,Sativa Serenade,0,Sativa Sunrise,Toke Trance
194,Green Ghost Degen 194,/nft/194.png,Coming Soon!,0,Smoke Swirl,Green Ghost Degen,0,Pump & Puff,Hybrid Harmony,0,Based Island,The Munchie Look
195,Green Ghost Degen 195,/nft/195.png,Coming Soon!,0,Nugget Nook,Green Ghost Degen,0,0,Sativa Serenade,0,Phuket Pharms,Stoned Stare
196,Green Ghost Degen 196,/nft/196.png,Coming Soon!,0,Nugget Nook,Green Ghost Degen,0,Satoshis Spliff,Hybrid Harmony,0,Phuket Pharms,Stoned Stare
197,Green Ghost Degen 197,/nft/197.png,Coming Soon!,0,Bong Bubble,Green Ghost Degen,0,0,Ganja Green,Moonwalkers,Rasta Road,Gazing Galactic
198,Green Ghost Degen 198,/nft/198.png,Coming Soon!,0,Smoke Swirl,Green Ghost Degen,0,0,Hybrid Harmony,0,Thai High Sky,Blazed Bliss
199,Green Ghost Degen 199,/nft/199.png,Coming Soon!,0,0,Green Ghost Degen,0,0,Hybrid Harmony,0,Jungle Jive,Munchies
200,Green Ghost Degen 200,/nft/200.png,Coming Soon!,0,Smoke Swirl,Green Ghost Degen,0,Blockchain Blaze,Sativa Serenade,0,Thailand Flag,Chillaxer
201,Green Ghost Degen 201,/nft/201.png,Coming Soon!,0,Smoke Swirl,Green Ghost Degen,Puff Hat,Satoshis Spliff,Green Dream,0,Jungle Jive,Stoned Stare
202,Green Ghost Degen 202,/nft/202.png,Coming Soon!,0,0,Green Ghost Degen,0,0,Green Dream,0,Thai High Sky,Toke Trance
203,Green Ghost Degen 203,/nft/203.png,Coming Soon!,0,Nugget Nook,Green Ghost Degen,0,0,Green Dream,Dollar Signs,Sativa Sunrise,Dank Daydream
204,Green Ghost Degen 204,/nft/204.png,Coming Soon!,0,Bong Bubble,Green Ghost Degen,0,0,Minty Mirage,Blockchain Blinders,Thai High Sky,Pineapple Express
205,Green Ghost Degen 205,/nft/205.png,Coming Soon!,0,0,Green Ghost Degen,0,0,Canna Corona,0,Phuket Pharms,Red Eyed Reaper
206,Green Ghost Degen 206,/nft/206.png,Coming Soon!,0,Smoke Swirl,Green Ghost Degen,Dank Crown,Pump & Puff,Canna Corona,Sativa Sunglasses,Moon Lamai Beach,Pineapple Express
207,Green Ghost Degen 207,/nft/207.png,Coming Soon!,0,0,Green Ghost Degen,0,0,Green Dream,0,Indica Island,The Munchie Look
208,Green Ghost Degen 208,/nft/208.png,Coming Soon!,0,Bong Bubble,Green Ghost Degen,Degen Top Hat,HODL Haze,Green Dream,Moonwalkers,Patong Pixies,The Munchie Look
209,Green Ghost Degen 209,/nft/209.png,Coming Soon!,0,Smoke Swirl,Green Ghost Degen,Rasta Locks,Blockchain Blaze,Hybrid Harmony,0,Jungle Jive,Baked
210,Green Ghost Degen 210,/nft/210.png,Coming Soon!,0,Bong Bubble,Green Ghost Degen,High Hat,Satoshis Spliff,Sativa Serenade,Crypto Specs,Jungle Jive,Gazing Galactic
211,Green Ghost Degen 211,/nft/211.png,Coming Soon!,0,Nugget Nook,Green Ghost Degen,0,0,Green Dream,Blockchain Blinders,Phuket Pharms,The Munchie Look
212,Green Ghost Degen 212,/nft/212.png,Coming Soon!,0,Nugget Nook,Green Ghost Degen,High Hat,Satoshis Spliff,Hybrid Harmony,0,Hybrid Serenity,Stoned Stare
213,Green Ghost Degen 213,/nft/213.png,Coming Soon!,0,Nugget Nook,Green Ghost Degen,0,0,Minty Mirage,Moonwalkers,Moon Lamai Beach,Baked
214,Green Ghost Degen 214,/nft/214.png,Coming Soon!,0,Smoke Swirl,Green Ghost Degen,0,Blockchain Blaze,Indica Intuition,0,Moon Lamai Beach,Stoned Stare
215,Green Ghost Degen 215,/nft/215.png,Coming Soon!,0,Bong Bubble,Green Ghost Degen,Ganja Gurus Turban,Blockchain Blaze,Indica Intuition,0,Patong Pixies,Baked
216,Green Ghost Degen 216,/nft/216.png,Coming Soon!,0,Nugget Nook,Green Ghost Degen,0,0,Hybrid Harmony,0,Phuket Pharms,High Times
217,Green Ghost Degen 217,/nft/217.png,Coming Soon!,0,Nugget Nook,Green Ghost Degen,Degen Top Hat,Blockchain Blaze,Minty Mirage,Munchies Mirrors,Moon Lamai Beach,Munchies
218,Green Ghost Degen 218,/nft/218.png,Coming Soon!,0,Bong Bubble,Green Ghost Degen,Degen Top Hat,Weed Flag Beanie,Ganja Green,0,Moon Lamai Beach,Baked
219,Green Ghost Degen 219,/nft/219.png,Coming Soon!,0,Bong Bubble,Green Ghost Degen,Jamaican Bonnet,Pump & Puff,Indica Intuition,Puff Panes,Jungle Jive,Baked
220,Green Ghost Degen 220,/nft/220.png,Coming Soon!,0,Nugget Nook,Green Ghost Degen,Buildmaster Helmet,Blockchain Blaze,Indica Intuition,0,Based Island,Pineapple Express
221,Green Ghost Degen 221,/nft/221.png,Coming Soon!,0,Bong Bubble,Green Ghost Degen,Buildmaster Helmet,Pump & Puff,Sativa Serenade,0,Indica Island,Gazing Galactic
222,Green Ghost Degen 222,/nft/222.png,Coming Soon!,0,Bong Bubble,Green Ghost Degen,Stoners Sombrero,Blockchain Blaze,Indica Intuition,Munchies Mirrors,Weed Republic Flag,Based
223,Green Ghost Degen 223,/nft/223.png,Coming Soon!,0,Bong Bubble,Green Ghost Degen,0,0,Sativa Serenade,Blockchain Blinders,Crypto Sunset,Chillaxer
224,Green Ghost Degen 224,/nft/224.png,Coming Soon!,0,Bong Bubble,Green Ghost Degen,0,Weed Flag Beanie,Hybrid Harmony,0,Crypto Sunset,Toke Trance
225,Green Ghost Degen 225,/nft/225.png,Coming Soon!,0,Nugget Nook,Green Ghost Degen,0,0,Green Dream,NFT Noggles,Based Island,Munchies
226,Green Ghost Degen 226,/nft/226.png,Coming Soon!,0,Nugget Nook,Green Ghost Degen,0,0,Sativa Serenade,Puff Panes,Hybrid Serenity,Red Eyed Reaper
227,Green Ghost Degen 227,/nft/227.png,Coming Soon!,0,Nugget Nook,Green Ghost Degen,0,0,Green Dream,Weed Wrap Arounds,Indica Island,Toke Trance
228,Green Ghost Degen 228,/nft/228.png,Coming Soon!,0,0,Green Ghost Degen,0,0,Canna Corona,0,Indica Island,Dank Daydream
229,Green Ghost Degen 229,/nft/229.png,Coming Soon!,0,Bong Bubble,Green Ghost Degen,Degen Top Hat,Pump & Puff,Green Dream,0,Thai High Sky,High Times
230,Green Ghost Degen 230,/nft/230.png,Coming Soon!,0,Nugget Nook,Green Ghost Degen,Bakers Biretta,Pump & Puff,Green Dream,Weed Wrap Arounds,Weed Republic Flag,Based
231,Green Ghost Degen 231,/nft/231.png,Coming Soon!,0,Bong Bubble,Green Ghost Degen,High Hat,Pump & Puff,Hybrid Harmony,0,Based Island,High Times
232,Green Ghost Degen 232,/nft/232.png,Coming Soon!,0,Bong Bubble,Green Ghost Degen,0,Weed Flag Beanie,Hybrid Harmony,0,Crypto Sunset,Chillaxer
233,Green Ghost Degen 233,/nft/233.png,Coming Soon!,0,Nugget Nook,Green Ghost Degen,Bakers Biretta,Pump & Puff,Canna Corona,0,Moon Lamai Beach,Blazed Bliss
234,Green Ghost Degen 234,/nft/234.png,Coming Soon!,0,Smoke Swirl,Green Ghost Degen,0,Blockchain Blaze,Hybrid Harmony,0,Indica Island,High Times
235,Green Ghost Degen 235,/nft/235.png,Coming Soon!,0,Bong Bubble,Green Ghost Degen,0,Pump & Puff,Minty Mirage,0,Thailand Flag,Pineapple Express
236,Green Ghost Degen 236,/nft/236.png,Coming Soon!,0,Bong Bubble,Green Ghost Degen,0,0,Indica Intuition,Moonwalkers,Indica Island,Toke Trance
237,Green Ghost Degen 237,/nft/237.png,Coming Soon!,0,Bong Bubble,Green Ghost Degen,0,0,Canna Corona,Eth Eyes,Weed Republic Flag,Based
238,Green Ghost Degen 238,/nft/238.png,Coming Soon!,0,Nugget Nook,Green Ghost Degen,Degen Top Hat,Pump & Puff,Ganja Green,0,Sativa Sunrise,High Times
239,Green Ghost Degen 239,/nft/239.png,Coming Soon!,0,Nugget Nook,Green Ghost Degen,0,0,Hybrid Harmony,Blockchain Blinders,Based Island,Baked
240,Green Ghost Degen 240,/nft/240.png,Coming Soon!,0,Bong Bubble,Green Ghost Degen,Bass Buds,Blockchain Blaze,Ganja Green,0,Patong Pixies,Gazing Galactic
241,Green Ghost Degen 241,/nft/241.png,Coming Soon!,0,Bong Bubble,Green Ghost Degen,Ganja Gurus Turban,Weed Flag Beanie,Canna Corona,Moonwalkers,Rasta Road,Pineapple Express
242,Green Ghost Degen 242,/nft/242.png,Coming Soon!,0,Leaflet,Green Ghost Degen,Rasta Locks,Blockchain Blaze,Sativa Serenade,0,Thai High Sky,Stoned Stare
243,Green Ghost Degen 243,/nft/243.png,Coming Soon!,0,Leaflet,Green Ghost Degen,Bearish Bonnet,Satoshis Spliff,Sativa Serenade,0,Rasta Road,High Times
244,Green Ghost Degen 244,/nft/244.png,Coming Soon!,0,Bong Bubble,Green Ghost Degen,Dank Crown,Blockchain Blaze,Indica Intuition,0,Thai High Sky,Munchies
245,Green Ghost Degen 245,/nft/245.png,Coming Soon!,0,Bong Bubble,Green Ghost Degen,High Hat,Satoshis Spliff,Ganja Green,0,Patong Pixies,Baked
246,Green Ghost Degen 246,/nft/246.png,Coming Soon!,0,Nugget Nook,Green Ghost Degen,0,Blockchain Blaze,Green Dream,0,Thai High Sky,The Munchie Look
247,Green Ghost Degen 247,/nft/247.png,Coming Soon!,0,Smoke Swirl,Green Ghost Degen,High Hat,Blockchain Blaze,Ganja Green,Bong Shades,Patong Pixies,Dank Daydream
248,Green Ghost Degen 248,/nft/248.png,Coming Soon!,0,Nugget Nook,Green Ghost Degen,0,0,Hybrid Harmony,0,Indica Island,Dank Daydream
249,Green Ghost Degen 249,/nft/249.png,Coming Soon!,0,Leaflet,Green Ghost Degen,Puff Hat,Satoshis Spliff,Sativa Serenade,0,Jungle Jive,The Munchie Look
250,Green Ghost Degen 250,/nft/250.png,Coming Soon!,0,Bong Bubble,Green Ghost Degen,0,0,Sativa Serenade,Puff Panes,Jungle Jive,Blazed Bliss
251,Green Ghost Degen 251,/nft/251.png,Coming Soon!,0,Bong Bubble,Green Ghost Degen,Ganja Gurus Turban,Satoshis Spliff,Sativa Serenade,0,Crypto Sunset,Blazed Bliss
252,Green Ghost Degen 252,/nft/252.png,Coming Soon!,0,0,Green Ghost Degen,0,0,Green Dream,0,Patong Pixies,Pineapple Express
253,Green Ghost Degen 253,/nft/253.png,Coming Soon!,0,Nugget Nook,Green Ghost Degen,Crypto Scholars Cap,Satoshis Spliff,Canna Corona,Stoner Specs,Based Island,Based
254,Green Ghost Degen 254,/nft/254.png,Coming Soon!,0,Smoke Swirl,Green Ghost Degen,0,0,Green Dream,0,Rasta Road,Baked
255,Green Ghost Degen 255,/nft/255.png,Coming Soon!,0,Nugget Nook,Green Ghost Degen,Buildmaster Helmet,Pump & Puff,Green Dream,Blockchain Blinders,Indica Island,Gazing Galactic
256,Green Ghost Degen 256,/nft/256.png,Coming Soon!,0,Smoke Swirl,Green Ghost Degen,Dank Crown,HODL Haze,Indica Intuition,NFT Noggles,Thai High Sky,Baked
257,Green Ghost Degen 257,/nft/257.png,Coming Soon!,0,Leaflet,Green Ghost Degen,0,0,Ganja Green,Weed Wrap Arounds,Sativa Sunrise,High Times
258,Green Ghost Degen 258,/nft/258.png,Coming Soon!,0,Bong Bubble,Green Ghost Degen,Crypto Scholars Cap,Satoshis Spliff,Ganja Green,0,Moon Lamai Beach,Based
259,Green Ghost Degen 259,/nft/259.png,Coming Soon!,0,Bong Bubble,Green Ghost Degen,Ganja Gurus Turban,HODL Haze,Green Dream,0,Thai High Sky,Stoned Stare
260,Green Ghost Degen 260,/nft/260.png,Coming Soon!,0,0,Green Ghost Degen,0,0,Sativa Serenade,0,Moon Lamai Beach,Red Eyed Reaper
261,Green Ghost Degen 261,/nft/261.png,Coming Soon!,0,Nugget Nook,Green Ghost Degen,Jamaican Bonnet,HODL Haze,Hybrid Harmony,0,Thai High Sky,Toke Trance
262,Green Ghost Degen 262,/nft/262.png,Coming Soon!,0,Nugget Nook,Green Ghost Degen,Ganja Gurus Turban,Blockchain Blaze,Green Dream,0,Indica Island,Baked
263,Green Ghost Degen 263,/nft/263.png,Coming Soon!,0,Bong Bubble,Green Ghost Degen,Stoners Sombrero,HODL Haze,Minty Mirage,Bong Shades,Hybrid Serenity,Baked
264,Green Ghost Degen 264,/nft/264.png,Coming Soon!,0,Nugget Nook,Green Ghost Degen,Bass Buds,HODL Haze,Ganja Green,0,Weed Republic Flag,Stoned Stare
265,Green Ghost Degen 265,/nft/265.png,Coming Soon!,0,0,Green Ghost Degen,0,0,Indica Intuition,0,Based Island,Baked
266,Green Ghost Degen 266,/nft/266.png,Coming Soon!,0,Smoke Swirl,Green Ghost Degen,0,0,Green Dream,Sativa Sunglasses,Crypto Sunset,High Times
267,Green Ghost Degen 267,/nft/267.png,Coming Soon!,0,Bong Bubble,Green Ghost Degen,Rasta Locks,HODL Haze,Indica Intuition,0,Weed Republic Flag,Munchies
268,Green Ghost Degen 268,/nft/268.png,Coming Soon!,0,Bong Bubble,Green Ghost Degen,0,0,Green Dream,Eth Eyes,Sativa Sunrise,Baked
269,Green Ghost Degen 269,/nft/269.png,Coming Soon!,0,Bong Bubble,Green Ghost Degen,0,0,Green Dream,0,Rasta Road,Gazing Galactic
270,Green Ghost Degen 270,/nft/270.png,Coming Soon!,0,Bong Bubble,Green Ghost Degen,Jamaican Bonnet,Satoshis Spliff,Indica Intuition,0,Indica Island,Gazing Galactic
271,Green Ghost Degen 271,/nft/271.png,Coming Soon!,0,Bong Bubble,Green Ghost Degen,0,HODL Haze,Sativa Serenade,0,Phuket Pharms,Blazed Bliss
272,Green Ghost Degen 272,/nft/272.png,Coming Soon!,0,Bong Bubble,Green Ghost Degen,0,0,Green Dream,Munchies Mirrors,Indica Island,Munchies
273,Green Ghost Degen 273,/nft/273.png,Coming Soon!,0,Nugget Nook,Green Ghost Degen,0,0,Hybrid Harmony,0,Crypto Sunset,Pineapple Express
274,Green Ghost Degen 274,/nft/274.png,Coming Soon!,0,Bong Bubble,Green Ghost Degen,Puff Hat,Satoshis Spliff,Green Dream,0,Phuket Pharms,Stoned Stare
275,Green Ghost Degen 275,/nft/275.png,Coming Soon!,0,Smoke Swirl,Green Ghost Degen,Bakers Biretta,HODL Haze,Green Dream,0,Sativa Sunrise,Chillaxer
276,Green Ghost Degen 276,/nft/276.png,Coming Soon!,0,Bong Bubble,Green Ghost Degen,Crypto Scholars Cap,Satoshis Spliff,Green Dream,0,Phuket Pharms,Dank Daydream
277,Green Ghost Degen 277,/nft/277.png,Coming Soon!,0,Bong Bubble,Green Ghost Degen,Dank Crown,Pump & Puff,Green Dream,0,Hybrid Serenity,Toke Trance
278,Green Ghost Degen 278,/nft/278.png,Coming Soon!,0,Leaflet,Green Ghost Degen,0,0,Minty Mirage,0,Moon Lamai Beach,Munchies
279,Green Ghost Degen 279,/nft/279.png,Coming Soon!,0,Bong Bubble,Green Ghost Degen,Crypto Scholars Cap,Blockchain Blaze,Ganja Green,Puff Panes,Moon Lamai Beach,Red Eyed Reaper
280,Green Ghost Degen 280,/nft/280.png,Coming Soon!,0,Nugget Nook,Green Ghost Degen,0,0,Indica Intuition,Eth Eyes,Thai High Sky,Based
281,Green Ghost Degen 281,/nft/281.png,Coming Soon!,0,Nugget Nook,Green Ghost Degen,Jamaican Bonnet,Blockchain Blaze,Ganja Green,0,Crypto Sunset,Gazing Galactic
282,Green Ghost Degen 282,/nft/282.png,Coming Soon!,0,Bong Bubble,Green Ghost Degen,0,Pump & Puff,Ganja Green,0,Jungle Jive,Chillaxer
283,Green Ghost Degen 283,/nft/283.png,Coming Soon!,0,Nugget Nook,Green Ghost Degen,0,0,Minty Mirage,Sativa Sunglasses,Rasta Road,Pineapple Express
284,Green Ghost Degen 284,/nft/284.png,Coming Soon!,0,Leaflet,Green Ghost Degen,0,0,Green Dream,0,Patong Pixies,Baked
285,Green Ghost Degen 285,/nft/285.png,Coming Soon!,0,Nugget Nook,Green Ghost Degen,High Hat,Pump & Puff,Minty Mirage,0,Moon Lamai Beach,Baked
286,Green Ghost Degen 286,/nft/286.png,Coming Soon!,0,Bong Bubble,Green Ghost Degen,0,Blockchain Blaze,Indica Intuition,0,Thailand Flag,Dank Daydream
287,Green Ghost Degen 287,/nft/287.png,Coming Soon!,0,Bong Bubble,Green Ghost Degen,Jamaican Bonnet,Pump & Puff,Indica Intuition,0,Patong Pixies,Red Eyed Reaper
288,Green Ghost Degen 288,/nft/288.png,Coming Soon!,0,Nugget Nook,Green Ghost Degen,Dank Crown,Satoshis Spliff,Green Dream,Crypto Specs,Sativa Sunrise,Gazing Galactic
289,Green Ghost Degen 289,/nft/289.png,Coming Soon!,0,Nugget Nook,Green Ghost Degen,0,Pump & Puff,Hybrid Harmony,0,Sativa Sunrise,Dank Daydream
290,Green Ghost Degen 290,/nft/290.png,Coming Soon!,0,Bong Bubble,Green Ghost Degen,0,Blockchain Blaze,Sativa Serenade,0,Crypto Sunset,Red Eyed Reaper
291,Green Ghost Degen 291,/nft/291.png,Coming Soon!,0,0,Green Ghost Degen,0,0,Indica Intuition,0,Jungle Jive,Pineapple Express
292,Green Ghost Degen 292,/nft/292.png,Coming Soon!,0,Bong Bubble,Green Ghost Degen,Puff Hat,Pump & Puff,Indica Intuition,Stoner Specs,Rasta Road,Munchies
293,Green Ghost Degen 293,/nft/293.png,Coming Soon!,0,Smoke Swirl,Green Ghost Degen,0,0,Green Dream,Sativa Sunglasses,Jungle Jive,Pineapple Express
294,Green Ghost Degen 294,/nft/294.png,Coming Soon!,0,Smoke Swirl,Green Ghost Degen,High Hat,Blockchain Blaze,Canna Corona,0,Crypto Sunset,Pineapple Express
295,Green Ghost Degen 295,/nft/295.png,Coming Soon!,0,Nugget Nook,Green Ghost Degen,0,Satoshis Spliff,Sativa Serenade,0,Phuket Pharms,Baked
296,Green Ghost Degen 296,/nft/296.png,Coming Soon!,0,Bong Bubble,Green Ghost Degen,Rasta Locks,Pump & Puff,Indica Intuition,Weed Wrap Arounds,Jungle Jive,Based
297,Green Ghost Degen 297,/nft/297.png,Coming Soon!,0,Bong Bubble,Green Ghost Degen,0,HODL Haze,Minty Mirage,0,Indica Island,Chillaxer
298,Green Ghost Degen 298,/nft/298.png,Coming Soon!,0,Nugget Nook,Green Ghost Degen,Crypto Scholars Cap,Satoshis Spliff,Canna Corona,0,Patong Pixies,Toke Trance
299,Green Ghost Degen 299,/nft/299.png,Coming Soon!,0,0,Green Ghost Degen,0,0,Ganja Green,0,Phuket Pharms,Gazing Galactic
300,Green Ghost Degen 300,/nft/300.png,Coming Soon!,0,Nugget Nook,Green Ghost Degen,0,HODL Haze,Ganja Green,0,Hybrid Serenity,Blazed Bliss
301,Green Ghost Degen 301,/nft/301.png,Coming Soon!,0,Smoke Swirl,Green Ghost Degen,0,0,Sativa Serenade,0,Sativa Sunrise,Stoned Stare
302,Green Ghost Degen 302,/nft/302.png,Coming Soon!,0,Nugget Nook,Green Ghost Degen,0,0,Indica Intuition,NFT Noggles,Thailand Flag,Gazing Galactic
303,Green Ghost Degen 303,/nft/303.png,Coming Soon!,0,Smoke Swirl,Green Ghost Degen,Stoners Sombrero,Pump & Puff,Indica Intuition,0,Hybrid Serenity,Toke Trance
304,Green Ghost Degen 304,/nft/304.png,Coming Soon!,0,Leaflet,Green Ghost Degen,0,0,Minty Mirage,Stoner Specs,Based Island,Toke Trance
305,Green Ghost Degen 305,/nft/305.png,Coming Soon!,0,Bong Bubble,Green Ghost Degen,0,0,Green Dream,0,Weed Republic Flag,Red Eyed Reaper
306,Green Ghost Degen 306,/nft/306.png,Coming Soon!,0,Bong Bubble,Green Ghost Degen,Stoners Sombrero,Weed Flag Beanie,Green Dream,Moonwalkers,Moon Lamai Beach,Chillaxer
307,Green Ghost Degen 307,/nft/307.png,Coming Soon!,0,Bong Bubble,Green Ghost Degen,0,0,Canna Corona,0,Patong Pixies,Stoned Stare
308,Green Ghost Degen 308,/nft/308.png,Coming Soon!,0,0,Green Ghost Degen,0,0,Green Dream,0,Crypto Sunset,Pineapple Express
309,Green Ghost Degen 309,/nft/309.png,Coming Soon!,0,0,Green Ghost Degen,0,0,Green Dream,0,Sativa Sunrise,Gazing Galactic
310,Green Ghost Degen 310,/nft/310.png,Coming Soon!,0,Nugget Nook,Green Ghost Degen,0,0,Green Dream,0,Indica Island,Stoned Stare
311,Green Ghost Degen 311,/nft/311.png,Coming Soon!,0,Bong Bubble,Green Ghost Degen,Stoners Sombrero,Blockchain Blaze,Sativa Serenade,Degen Dazzlers,Indica Island,Stoned Stare
312,Green Ghost Degen 312,/nft/312.png,Coming Soon!,0,Bong Bubble,Green Ghost Degen,Buildmaster Helmet,HODL Haze,Green Dream,Blockchain Blinders,Indica Island,High Times
313,Green Ghost Degen 313,/nft/313.png,Coming Soon!,0,Bong Bubble,Green Ghost Degen,0,Satoshis Spliff,Hybrid Harmony,0,Indica Island,Toke Trance
314,Green Ghost Degen 314,/nft/314.png,Coming Soon!,0,Nugget Nook,Green Ghost Degen,Crypto Scholars Cap,HODL Haze,Ganja Green,0,Sativa Sunrise,Chillaxer
315,Green Ghost Degen 315,/nft/315.png,Coming Soon!,0,Nugget Nook,Green Ghost Degen,0,0,Indica Intuition,Blockchain Blinders,Moon Lamai Beach,Red Eyed Reaper
316,Green Ghost Degen 316,/nft/316.png,Coming Soon!,0,Nugget Nook,Green Ghost Degen,Rasta Locks,Pump & Puff,Hybrid Harmony,Weed Wrap Arounds,Crypto Sunset,Chillaxer
317,Green Ghost Degen 317,/nft/317.png,Coming Soon!,0,Bong Bubble,Green Ghost Degen,0,Blockchain Blaze,Ganja Green,0,Crypto Sunset,The Munchie Look
318,Green Ghost Degen 318,/nft/318.png,Coming Soon!,0,Leaflet,Green Ghost Degen,Bass Buds,Pump & Puff,Green Dream,Sativa Sunglasses,Phuket Pharms,Dank Daydream
319,Green Ghost Degen 319,/nft/319.png,Coming Soon!,0,Leaflet,Green Ghost Degen,Bakers Biretta,Weed Flag Beanie,Green Dream,0,Based Island,Dank Daydream
320,Green Ghost Degen 320,/nft/320.png,Coming Soon!,0,Bong Bubble,Green Ghost Degen,Rasta Locks,Pump & Puff,Sativa Serenade,0,Thai High Sky,Baked
321,Green Ghost Degen 321,/nft/321.png,Coming Soon!,0,Nugget Nook,Green Ghost Degen,0,0,Green Dream,Stoner Specs,Patong Pixies,Red Eyed Reaper
322,Green Ghost Degen 322,/nft/322.png,Coming Soon!,0,Nugget Nook,Green Ghost Degen,0,Satoshis Spliff,Sativa Serenade,0,Indica Island,Red Eyed Reaper
323,Green Ghost Degen 323,/nft/323.png,Coming Soon!,0,Smoke Swirl,Green Ghost Degen,0,0,Hybrid Harmony,Weed Wrap Arounds,Phuket Pharms,Toke Trance
324,Green Ghost Degen 324,/nft/324.png,Coming Soon!,0,Bong Bubble,Green Ghost Degen,High Hat,Pump & Puff,Ganja Green,0,Patong Pixies,Munchies
325,Green Ghost Degen 325,/nft/325.png,Coming Soon!,0,Bong Bubble,Green Ghost Degen,0,0,Hybrid Harmony,0,Based Island,Pineapple Express
326,Green Ghost Degen 326,/nft/326.png,Coming Soon!,0,Smoke Swirl,Green Ghost Degen,0,Satoshis Spliff,Green Dream,0,Moon Lamai Beach,Gazing Galactic
327,Green Ghost Degen 327,/nft/327.png,Coming Soon!,0,Nugget Nook,Green Ghost Degen,0,0,Canna Corona,0,Hybrid Serenity,Baked
328,Green Ghost Degen 328,/nft/328.png,Coming Soon!,0,0,Green Ghost Degen,0,0,Indica Intuition,0,Jungle Jive,Stoned Stare
329,Green Ghost Degen 329,/nft/329.png,Coming Soon!,0,0,Green Ghost Degen,0,0,Minty Mirage,0,Indica Island,Baked
330,Green Ghost Degen 330,/nft/330.png,Coming Soon!,0,0,Green Ghost Degen,0,0,Sativa Serenade,0,Moon Lamai Beach,Toke Trance
331,Green Ghost Degen 331,/nft/331.png,Coming Soon!,0,Bong Bubble,Green Ghost Degen,Crypto Scholars Cap,HODL Haze,Indica Intuition,0,Indica Island,Pineapple Express
332,Green Ghost Degen 332,/nft/332.png,Coming Soon!,0,Leaflet,Green Ghost Degen,Bearish Bonnet,Blockchain Blaze,Indica Intuition,0,Thai High Sky,Toke Trance
333,Green Ghost Degen 333,/nft/333.png,Coming Soon!,0,Bong Bubble,Green Ghost Degen,Crypto Scholars Cap,Blockchain Blaze,Indica Intuition,Bong Shades,Indica Island,Chillaxer
334,Green Ghost Degen 334,/nft/334.png,Coming Soon!,0,Bong Bubble,Green Ghost Degen,0,0,Green Dream,0,Moon Lamai Beach,Chillaxer
335,Green Ghost Degen 335,/nft/335.png,Coming Soon!,0,Nugget Nook,Green Ghost Degen,Degen Top Hat,HODL Haze,Indica Intuition,Puff Panes,Based Island,Gazing Galactic
336,Green Ghost Degen 336,/nft/336.png,Coming Soon!,0,Bong Bubble,Green Ghost Degen,Bakers Biretta,Satoshis Spliff,Canna Corona,0,Jungle Jive,The Munchie Look
337,Green Ghost Degen 337,/nft/337.png,Coming Soon!,0,Bong Bubble,Green Ghost Degen,0,0,Green Dream,0,Hybrid Serenity,Munchies
338,Green Ghost Degen 338,/nft/338.png,Coming Soon!,0,Nugget Nook,Green Ghost Degen,Stoners Sombrero,Satoshis Spliff,Green Dream,0,Based Island,Red Eyed Reaper
339,Green Ghost Degen 339,/nft/339.png,Coming Soon!,0,Smoke Swirl,Green Ghost Degen,Ganja Gurus Turban,Satoshis Spliff,Green Dream,NFT Noggles,Jungle Jive,Gazing Galactic
340,Green Ghost Degen 340,/nft/340.png,Coming Soon!,0,Bong Bubble,Green Ghost Degen,0,0,Green Dream,0,Phuket Pharms,The Munchie Look
341,Green Ghost Degen 341,/nft/341.png,Coming Soon!,0,Bong Bubble,Green Ghost Degen,Buildmaster Helmet,Blockchain Blaze,Hybrid Harmony,0,Indica Island,Based
342,Green Ghost Degen 342,/nft/342.png,Coming Soon!,0,Bong Bubble,Green Ghost Degen,Bass Buds,HODL Haze,Green Dream,0,Crypto Sunset,Stoned Stare
343,Green Ghost Degen 343,/nft/343.png,Coming Soon!,0,Nugget Nook,Green Ghost Degen,0,0,Ganja Green,0,Moon Lamai Beach,Chillaxer
344,Green Ghost Degen 344,/nft/344.png,Coming Soon!,0,Nugget Nook,Green Ghost Degen,0,Satoshis Spliff,Green Dream,0,Crypto Sunset,Stoned Stare
345,Green Ghost Degen 345,/nft/345.png,Coming Soon!,0,Bong Bubble,Green Ghost Degen,0,0,Indica Intuition,0,Rasta Road,Dank Daydream
346,Green Ghost Degen 346,/nft/346.png,Coming Soon!,0,Nugget Nook,Green Ghost Degen,Rasta Locks,HODL Haze,Hybrid Harmony,Eth Eyes,Based Island,Gazing Galactic
347,Green Ghost Degen 347,/nft/347.png,Coming Soon!,0,Bong Bubble,Green Ghost Degen,High Hat,Blockchain Blaze,Ganja Green,0,Patong Pixies,Based
348,Green Ghost Degen 348,/nft/348.png,Coming Soon!,0,0,Green Ghost Degen,0,0,Green Dream,0,Moon Lamai Beach,Stoned Stare
349,Green Ghost Degen 349,/nft/349.png,Coming Soon!,0,0,Green Ghost Degen,0,0,Indica Intuition,0,Phuket Pharms,Pineapple Express
350,Green Ghost Degen 350,/nft/350.png,Coming Soon!,0,0,Green Ghost Degen,0,0,Hybrid Harmony,0,Jungle Jive,The Munchie Look
351,Green Ghost Degen 351,/nft/351.png,Coming Soon!,0,Bong Bubble,Green Ghost Degen,Stoners Sombrero,HODL Haze,Indica Intuition,0,Thai High Sky,Red Eyed Reaper
352,Green Ghost Degen 352,/nft/352.png,Coming Soon!,0,Bong Bubble,Green Ghost Degen,High Hat,Pump & Puff,Canna Corona,0,Indica Island,Pineapple Express
353,Green Ghost Degen 353,/nft/353.png,Coming Soon!,0,0,Green Ghost Degen,0,0,Canna Corona,0,Indica Island,Toke Trance
354,Green Ghost Degen 354,/nft/354.png,Coming Soon!,0,Nugget Nook,Green Ghost Degen,Bearish Bonnet,Pump & Puff,Green Dream,Crypto Specs,Sativa Sunrise,Red Eyed Reaper
355,Green Ghost Degen 355,/nft/355.png,Coming Soon!,0,0,Green Ghost Degen,0,0,Green Dream,0,Phuket Pharms,Dank Daydream
356,Green Ghost Degen 356,/nft/356.png,Coming Soon!,0,0,Green Ghost Degen,0,0,Ganja Green,0,Phuket Pharms,Red Eyed Reaper
357,Green Ghost Degen 357,/nft/357.png,Coming Soon!,0,Nugget Nook,Green Ghost Degen,0,0,Green Dream,Moonwalkers,Jungle Jive,Munchies
358,Green Ghost Degen 358,/nft/358.png,Coming Soon!,0,Nugget Nook,Green Ghost Degen,Stoners Sombrero,Pump & Puff,Hybrid Harmony,Blockchain Blinders,Sativa Sunrise,Stoned Stare
359,Green Ghost Degen 359,/nft/359.png,Coming Soon!,0,Bong Bubble,Green Ghost Degen,0,HODL Haze,Hybrid Harmony,0,Crypto Sunset,The Munchie Look
360,Green Ghost Degen 360,/nft/360.png,Coming Soon!,0,Smoke Swirl,Green Ghost Degen,Buildmaster Helmet,HODL Haze,Green Dream,0,Patong Pixies,Toke Trance
361,Green Ghost Degen 361,/nft/361.png,Coming Soon!,0,Nugget Nook,Green Ghost Degen,0,Pump & Puff,Ganja Green,0,Indica Island,Red Eyed Reaper
362,Green Ghost Degen 362,/nft/362.png,Coming Soon!,0,Nugget Nook,Green Ghost Degen,0,0,Sativa Serenade,0,Rasta Road,Munchies
363,Green Ghost Degen 363,/nft/363.png,Coming Soon!,0,Smoke Swirl,Green Ghost Degen,Bakers Biretta,Satoshis Spliff,Ganja Green,Dollar Signs,Thailand Flag,Red Eyed Reaper
364,Green Ghost Degen 364,/nft/364.png,Coming Soon!,0,Nugget Nook,Green Ghost Degen,0,Satoshis Spliff,Green Dream,0,Hybrid Serenity,Stoned Stare
365,Green Ghost Degen 365,/nft/365.png,Coming Soon!,0,Bong Bubble,Green Ghost Degen,Jamaican Bonnet,Pump & Puff,Sativa Serenade,0,Patong Pixies,Gazing Galactic
366,Green Ghost Degen 366,/nft/366.png,Coming Soon!,0,0,Green Ghost Degen,0,0,Indica Intuition,0,Moon Lamai Beach,Toke Trance
367,Green Ghost Degen 367,/nft/367.png,Coming Soon!,0,Smoke Swirl,Green Ghost Degen,Jamaican Bonnet,Blockchain Blaze,Ganja Green,Stoner Specs,Indica Island,The Munchie Look
368,Green Ghost Degen 368,/nft/368.png,Coming Soon!,0,Nugget Nook,Green Ghost Degen,Ganja Gurus Turban,Blockchain Blaze,Ganja Green,0,Phuket Pharms,Munchies
369,Green Ghost Degen 369,/nft/369.png,Coming Soon!,0,Bong Bubble,Green Ghost Degen,0,Blockchain Blaze,Sativa Serenade,0,Moon Lamai Beach,Gazing Galactic
370,Green Ghost Degen 370,/nft/370.png,Coming Soon!,0,Nugget Nook,Green Ghost Degen,0,Satoshis Spliff,Sativa Serenade,0,Thai High Sky,The Munchie Look
371,Green Ghost Degen 371,/nft/371.png,Coming Soon!,0,0,Green Ghost Degen,0,0,Green Dream,0,Patong Pixies,Chillaxer
372,Green Ghost Degen 372,/nft/372.png,Coming Soon!,0,Bong Bubble,Green Ghost Degen,Bakers Biretta,HODL Haze,Green Dream,0,Thailand Flag,Dank Daydream
373,Green Ghost Degen 373,/nft/373.png,Coming Soon!,0,Smoke Swirl,Green Ghost Degen,0,0,Green Dream,0,Phuket Pharms,Pineapple Express
374,Green Ghost Degen 374,/nft/374.png,Coming Soon!,0,Nugget Nook,Green Ghost Degen,0,HODL Haze,Sativa Serenade,0,Based Island,Baked
375,Green Ghost Degen 375,/nft/375.png,Coming Soon!,0,Bong Bubble,Green Ghost Degen,0,0,Canna Corona,Eth Eyes,Indica Island,Dank Daydream
376,Green Ghost Degen 376,/nft/376.png,Coming Soon!,0,Leaflet,Green Ghost Degen,Jamaican Bonnet,Satoshis Spliff,Hybrid Harmony,Bong Shades,Crypto Sunset,Red Eyed Reaper
377,Green Ghost Degen 377,/nft/377.png,Coming Soon!,0,Nugget Nook,Green Ghost Degen,Buildmaster Helmet,Pump & Puff,Canna Corona,Dollar Signs,Patong Pixies,Gazing Galactic
378,Green Ghost Degen 378,/nft/378.png,Coming Soon!,0,Bong Bubble,Green Ghost Degen,0,0,Minty Mirage,0,Jungle Jive,Stoned Stare
379,Green Ghost Degen 379,/nft/379.png,Coming Soon!,0,Nugget Nook,Green Ghost Degen,0,0,Green Dream,0,Thai High Sky,Toke Trance
380,Green Ghost Degen 380,/nft/380.png,Coming Soon!,0,Smoke Swirl,Green Ghost Degen,Buildmaster Helmet,Satoshis Spliff,Green Dream,0,Moon Lamai Beach,Baked
381,Green Ghost Degen 381,/nft/381.png,Coming Soon!,0,Bong Bubble,Green Ghost Degen,Dank Crown,Blockchain Blaze,Sativa Serenade,0,Jungle Jive,Dank Daydream
382,Green Ghost Degen 382,/nft/382.png,Coming Soon!,0,Bong Bubble,Green Ghost Degen,Bakers Biretta,Blockchain Blaze,Canna Corona,0,Sativa Sunrise,Baked
383,Green Ghost Degen 383,/nft/383.png,Coming Soon!,0,Nugget Nook,Green Ghost Degen,0,0,Green Dream,Munchies Mirrors,Jungle Jive,Baked
384,Green Ghost Degen 384,/nft/384.png,Coming Soon!,0,Bong Bubble,Green Ghost Degen,Crypto Scholars Cap,Blockchain Blaze,Green Dream,0,Thailand Flag,Dank Daydream
385,Green Ghost Degen 385,/nft/385.png,Coming Soon!,0,Bong Bubble,Green Ghost Degen,0,0,Ganja Green,0,Based Island,Chillaxer
386,Green Ghost Degen 386,/nft/386.png,Coming Soon!,0,Leaflet,Green Ghost Degen,Crypto Scholars Cap,Pump & Puff,Green Dream,Eth Eyes,Phuket Pharms,Chillaxer
387,Green Ghost Degen 387,/nft/387.png,Coming Soon!,0,0,Green Ghost Degen,0,0,Canna Corona,0,Weed Republic Flag,Chillaxer
388,Green Ghost Degen 388,/nft/388.png,Coming Soon!,0,Nugget Nook,Green Ghost Degen,Puff Hat,HODL Haze,Hybrid Harmony,0,Phuket Pharms,Dank Daydream
389,Green Ghost Degen 389,/nft/389.png,Coming Soon!,0,Nugget Nook,Green Ghost Degen,Bearish Bonnet,Blockchain Blaze,Sativa Serenade,0,Jungle Jive,Stoned Stare
390,Green Ghost Degen 390,/nft/390.png,Coming Soon!,0,Nugget Nook,Green Ghost Degen,Dank Crown,Blockchain Blaze,Indica Intuition,0,Indica Island,Baked
391,Green Ghost Degen 391,/nft/391.png,Coming Soon!,0,Bong Bubble,Green Ghost Degen,Ganja Gurus Turban,Weed Flag Beanie,Green Dream,Eth Eyes,Jungle Jive,Munchies
392,Green Ghost Degen 392,/nft/392.png,Coming Soon!,0,Bong Bubble,Green Ghost Degen,Puff Hat,Pump & Puff,Green Dream,0,Weed Republic Flag,High Times
393,Green Ghost Degen 393,/nft/393.png,Coming Soon!,0,Nugget Nook,Green Ghost Degen,Jamaican Bonnet,Satoshis Spliff,Ganja Green,NFT Noggles,Based Island,Based
394,Green Ghost Degen 394,/nft/394.png,Coming Soon!,0,Leaflet,Green Ghost Degen,0,0,Hybrid Harmony,0,Based Island,Toke Trance
395,Green Ghost Degen 395,/nft/395.png,Coming Soon!,0,Bong Bubble,Green Ghost Degen,Ganja Gurus Turban,HODL Haze,Ganja Green,Puff Panes,Crypto Sunset,Pineapple Express
396,Green Ghost Degen 396,/nft/396.png,Coming Soon!,0,Smoke Swirl,Green Ghost Degen,Jamaican Bonnet,Pump & Puff,Indica Intuition,0,Hybrid Serenity,The Munchie Look
397,Green Ghost Degen 397,/nft/397.png,Coming Soon!,0,0,Green Ghost Degen,0,0,Indica Intuition,0,Patong Pixies,Blazed Bliss
398,Green Ghost Degen 398,/nft/398.png,Coming Soon!,0,0,Green Ghost Degen,0,0,Green Dream,0,Phuket Pharms,Chillaxer
399,Green Ghost Degen 399,/nft/399.png,Coming Soon!,0,Bong Bubble,Green Ghost Degen,0,0,Green Dream,0,Thai High Sky,Based
400,Green Ghost Degen 400,/nft/400.png,Coming Soon!,0,0,Green Ghost Degen,0,0,Sativa Serenade,0,Hybrid Serenity,Dank Daydream
401,Green Ghost Degen 401,/nft/401.png,Coming Soon!,0,Nugget Nook,Green Ghost Degen,0,0,Canna Corona,Munchies Mirrors,Patong Pixies,Baked
402,Green Ghost Degen 402,/nft/402.png,Coming Soon!,0,Nugget Nook,Green Ghost Degen,Dank Crown,Blockchain Blaze,Canna Corona,Sativa Sunglasses,Indica Island,Chillaxer
403,Green Ghost Degen 403,/nft/403.png,Coming Soon!,0,Bong Bubble,Green Ghost Degen,Puff Hat,Pump & Puff,Sativa Serenade,Dollar Signs,Crypto Sunset,Munchies
404,Green Ghost Degen 404,/nft/404.png,Coming Soon!,0,Nugget Nook,Green Ghost Degen,Crypto Scholars Cap,Pump & Puff,Indica Intuition,0,Based Island,The Munchie Look
405,Green Ghost Degen 405,/nft/405.png,Coming Soon!,0,Nugget Nook,Green Ghost Degen,0,HODL Haze,Sativa Serenade,0,Sativa Sunrise,Stoned Stare
406,Green Ghost Degen 406,/nft/406.png,Coming Soon!,0,Nugget Nook,Green Ghost Degen,Rasta Locks,Pump & Puff,Sativa Serenade,0,Patong Pixies,Based
407,Green Ghost Degen 407,/nft/407.png,Coming Soon!,0,Bong Bubble,Green Ghost Degen,Bearish Bonnet,HODL Haze,Green Dream,0,Thai High Sky,Toke Trance
408,Green Ghost Degen 408,/nft/408.png,Coming Soon!,0,0,Green Ghost Degen,0,0,Hybrid Harmony,0,Sativa Sunrise,High Times
409,Green Ghost Degen 409,/nft/409.png,Coming Soon!,0,Smoke Swirl,Green Ghost Degen,0,0,Indica Intuition,0,Phuket Pharms,Munchies
410,Green Ghost Degen 410,/nft/410.png,Coming Soon!,0,Nugget Nook,Green Ghost Degen,0,0,Indica Intuition,NFT Noggles,Jungle Jive,Blazed Bliss
411,Green Ghost Degen 411,/nft/411.png,Coming Soon!,0,Nugget Nook,Green Ghost Degen,0,0,Green Dream,Degen Dazzlers,Based Island,Red Eyed Reaper
412,Green Ghost Degen 412,/nft/412.png,Coming Soon!,0,Nugget Nook,Green Ghost Degen,Bass Buds,Satoshis Spliff,Green Dream,0,Phuket Pharms,Stoned Stare
413,Green Ghost Degen 413,/nft/413.png,Coming Soon!,0,0,Green Ghost Degen,0,0,Hybrid Harmony,0,Hybrid Serenity,High Times
414,Green Ghost Degen 414,/nft/414.png,Coming Soon!,0,Nugget Nook,Green Ghost Degen,0,0,Canna Corona,0,Sativa Sunrise,Stoned Stare
415,Green Ghost Degen 415,/nft/415.png,Coming Soon!,0,Nugget Nook,Green Ghost Degen,0,HODL Haze,Green Dream,0,Hybrid Serenity,Blazed Bliss
416,Green Ghost Degen 416,/nft/416.png,Coming Soon!,0,Nugget Nook,Green Ghost Degen,0,Pump & Puff,Ganja Green,0,Weed Republic Flag,Based
417,Green Ghost Degen 417,/nft/417.png,Coming Soon!,0,Nugget Nook,Green Ghost Degen,Bearish Bonnet,HODL Haze,Hybrid Harmony,0,Indica Island,Blazed Bliss
418,Green Ghost Degen 418,/nft/418.png,Coming Soon!,0,Smoke Swirl,Green Ghost Degen,Puff Hat,Satoshis Spliff,Minty Mirage,0,Moon Lamai Beach,Munchies
419,Green Ghost Degen 419,/nft/419.png,Coming Soon!,0,Nugget Nook,Green Ghost Degen,0,0,Green Dream,0,Weed Republic Flag,Munchies
420,Green Ghost Degen 420,/nft/420.png,Coming Soon!,0,Smoke Swirl,Green Ghost Degen,0,Blockchain Blaze,Ganja Green,0,Patong Pixies,High Times